Career_objective,Skills,Experience_requirement,Education
To pursue a career in HR and manage employee relations effectively,"Communication, Recruitment, Payroll, MS Excel",5 years,MBA Human Resources
DevOps Engineer with interest in cloud automation,"AWS, Docker, Kubernetes, CI/CD",7 years,B.Tech Information Technology
DevOps Engineer with interest in cloud automation,"AWS, Docker, Kubernetes, CI/CD",0 years,B.Tech Information Technology
DevOps Engineer with interest in cloud automation,"AWS, Docker, Kubernetes, CI/CD",0 years,B.Tech Information Technology
Network Engineer seeking to optimize enterprise systems,"Networking, Cisco, Linux, Firewall",10 years,B.Tech Networking
Cybersecurity enthusiast aiming to protect organizational data,"Cybersecurity, Penetration Testing, Risk Assessment",1 year,M.Sc Cybersecurity
Motivated Marketing graduate eager to grow in digital campaigns,"SEO, Social Media, Content Writing, Google Analytics",2 years,BBA Marketing
Looking for opportunities in Data Science to use ML knowledge,"Python, R, Machine Learning, Statistics",0 years,M.Sc Data Science
Seeking a role as Software Engineer to apply problem-solving skills,"Python, Java, SQL, Git",3 years,B.Tech Computer Science
Looking for opportunities in Data Science to use ML knowledge,"Python, R, Machine Learning, Statistics",1 year,M.Sc Data Science
Looking for opportunities in Data Science to use ML knowledge,"Python, R, Machine Learning, Statistics",10 years,M.Sc Data Science
Seeking a role as Software Engineer to apply problem-solving skills,"Python, Java, SQL, Git",4 years,B.Tech Computer Science
Looking for opportunities in Data Science to use ML knowledge,"Python, R, Machine Learning, Statistics",5 years,M.Sc Data Science
Seeking a role as Software Engineer to apply problem-solving skills,"Python, Java, SQL, Git",4 years,B.Tech Computer Science
Cybersecurity enthusiast aiming to protect organizational data,"Cybersecurity, Penetration Testing, Risk Assessment",10 years,M.Sc Cybersecurity
Seeking a role as Software Engineer to apply problem-solving skills,"Python, Java, SQL, Git",10 years,B.Tech Computer Science
Seeking a role as Software Engineer to apply problem-solving skills,"Python, Java, SQL, Git",8 years,B.Tech Computer Science
Experienced Project Manager aiming to lead large tech projects,"Leadership, Agile, Scrum, JIRA, Budgeting",6 years,MBA Project Management
To pursue a career in HR and manage employee relations effectively,"Communication, Recruitment, Payroll, MS Excel",6 years,MBA Human Resources
Motivated Marketing graduate eager to grow in digital campaigns,"SEO, Social Media, Content Writing, Google Analytics",2 years,BBA Marketing
DevOps Engineer with interest in cloud automation,"AWS, Docker, Kubernetes, CI/CD",8 years,B.Tech Information Technology
DevOps Engineer with interest in cloud automation,"AWS, Docker, Kubernetes, CI/CD",8 years,B.Tech Information Technology
To pursue a career in HR and manage employee relations effectively,"Communication, Recruitment, Payroll, MS Excel",4 years,MBA Human Resources
DevOps Engineer with interest in cloud automation,"AWS, Docker, Kubernetes, CI/CD",5 years,B.Tech Information Technology
To pursue a career in HR and manage employee relations effectively,"Communication, Recruitment, Payroll, MS Excel",10 years,MBA Human Resources
Seeking a role as Software Engineer to apply problem-solving skills,"Python, Java, SQL, Git",8 years,B.Tech Computer Science
Dedicated Financial Analyst focused on delivering business insights,"Financial Modeling, Excel, Power BI, Accounting",3 years,M.Com Finance
Looking for opportunities in Data Science to use ML knowledge,"Python, R, Machine Learning, Statistics",0 years,M.Sc Data Science
Network Engineer seeking to optimize enterprise systems,"Networking, Cisco, Linux, Firewall",3 years,B.Tech Networking
Creative Graphic Designer passionate about visual storytelling,"Photoshop, Illustrator, UI/UX, Creativity",6 years,Diploma Graphic Design
Experienced Project Manager aiming to lead large tech projects,"Leadership, Agile, Scrum, JIRA, Budgeting",2 years,MBA Project Management
DevOps Engineer with interest in cloud automation,"AWS, Docker, Kubernetes, CI/CD",1 year,B.Tech Information Technology
Experienced Project Manager aiming to lead large tech projects,"Leadership, Agile, Scrum, JIRA, Budgeting",8 years,MBA Project Management
Cybersecurity enthusiast aiming to protect organizational data,"Cybersecurity, Penetration Testing, Risk Assessment",5 years,M.Sc Cybersecurity
Seeking a role as Software Engineer to apply problem-solving skills,"Python, Java, SQL, Git",0 years,B.Tech Computer Science
DevOps Engineer with interest in cloud automation,"AWS, Docker, Kubernetes, CI/CD",5 years,B.Tech Information Technology
Network Engineer seeking to optimize enterprise systems,"Networking, Cisco, Linux, Firewall",7 years,B.Tech Networking
Cybersecurity enthusiast aiming to protect organizational data,"Cybersecurity, Penetration Testing, Risk Assessment",3 years,M.Sc Cybersecurity
Experienced Project Manager aiming to lead large tech projects,"Leadership, Agile, Scrum, JIRA, Budgeting",10 years,MBA Project Management
Network Engineer seeking to optimize enterprise systems,"Networking, Cisco, Linux, Firewall",7 years,B.Tech Networking
Experienced Project Manager aiming to lead large tech projects,"Leadership, Agile, Scrum, JIRA, Budgeting",5 years,MBA Project Management
Dedicated Financial Analyst focused on delivering business insights,"Financial Modeling, Excel, Power BI, Accounting",5 years,M.Com Finance
Dedicated Financial Analyst focused on delivering business insights,"Financial Modeling, Excel, Power BI, Accounting",4 years,M.Com Finance
To pursue a career in HR and manage employee relations effectively,"Communication, Recruitment, Payroll, MS Excel",1 year,MBA Human Resources
Dedicated Financial Analyst focused on delivering business insights,"Financial Modeling, Excel, Power BI, Accounting",3 years,M.Com Finance
Cybersecurity enthusiast aiming to protect organizational data,"Cybersecurity, Penetration Testing, Risk Assessment",4 years,M.Sc Cybersecurity
To pursue a career in HR and manage employee relations effectively,"Communication, Recruitment, Payroll, MS Excel",5 years,MBA Human Resources
Dedicated Financial Analyst focused on delivering business insights,"Financial Modeling, Excel, Power BI, Accounting",3 years,M.Com Finance
Network Engineer seeking to optimize enterprise systems,"Networking, Cisco, Linux, Firewall",7 years,B.Tech Networking
Dedicated Financial Analyst focused on delivering business insights,"Financial Modeling, Excel, Power BI, Accounting",4 years,M.Com Finance
Looking for opportunities in Data Science to use ML knowledge,"Python, R, Machine Learning, Statistics",5 years,M.Sc Data Science
Creative Graphic Designer passionate about visual storytelling,"Photoshop, Illustrator, UI/UX, Creativity",0 years,Diploma Graphic Design
Network Engineer seeking to optimize enterprise systems,"Networking, Cisco, Linux, Firewall",6 years,B.Tech Networking
DevOps Engineer with interest in cloud automation,"AWS, Docker, Kubernetes, CI/CD",6 years,B.Tech Information Technology
Seeking a role as Software Engineer to apply problem-solving skills,"Python, Java, SQL, Git",7 years,B.Tech Computer Science
Looking for opportunities in Data Science to use ML knowledge,"Python, R, Machine Learning, Statistics",5 years,M.Sc Data Science
Creative Graphic Designer passionate about visual storytelling,"Photoshop, Illustrator, UI/UX, Creativity",7 years,Diploma Graphic Design
Network Engineer seeking to optimize enterprise systems,"Networking, Cisco, Linux, Firewall",0 years,B.Tech Networking
Motivated Marketing graduate eager to grow in digital campaigns,"SEO, Social Media, Content Writing, Google Analytics",6 years,BBA Marketing
Looking for opportunities in Data Science to use ML knowledge,"Python, R, Machine Learning, Statistics",1 year,M.Sc Data Science
Looking for opportunities in Data Science to use ML knowledge,"Python, R, Machine Learning, Statistics",10 years,M.Sc Data Science
Looking for opportunities in Data Science to use ML knowledge,"Python, R, Machine Learning, Statistics",1 year,M.Sc Data Science
Network Engineer seeking to optimize enterprise systems,"Networking, Cisco, Linux, Firewall",0 years,B.Tech Networking
Creative Graphic Designer passionate about visual storytelling,"Photoshop, Illustrator, UI/UX, Creativity",8 years,Diploma Graphic Design
Network Engineer seeking to optimize enterprise systems,"Networking, Cisco, Linux, Firewall",5 years,B.Tech Networking
Seeking a role as Software Engineer to apply problem-solving skills,"Python, Java, SQL, Git",5 years,B.Tech Computer Science
To pursue a career in HR and manage employee relations effectively,"Communication, Recruitment, Payroll, MS Excel",1 year,MBA Human Resources
Motivated Marketing graduate eager to grow in digital campaigns,"SEO, Social Media, Content Writing, Google Analytics",2 years,BBA Marketing
Motivated Marketing graduate eager to grow in digital campaigns,"SEO, Social Media, Content Writing, Google Analytics",4 years,BBA Marketing
Seeking a role as Software Engineer to apply problem-solving skills,"Python, Java, SQL, Git",8 years,B.Tech Computer Science
Network Engineer seeking to optimize enterprise systems,"Networking, Cisco, Linux, Firewall",10 years,B.Tech Networking
To pursue a career in HR and manage employee relations effectively,"Communication, Recruitment, Payroll, MS Excel",3 years,MBA Human Resources
DevOps Engineer with interest in cloud automation,"AWS, Docker, Kubernetes, CI/CD",4 years,B.Tech Information Technology
Motivated Marketing graduate eager to grow in digital campaigns,"SEO, Social Media, Content Writing, Google Analytics",7 years,BBA Marketing
To pursue a career in HR and manage employee relations effectively,"Communication, Recruitment, Payroll, MS Excel",2 years,MBA Human Resources
Dedicated Financial Analyst focused on delivering business insights,"Financial Modeling, Excel, Power BI, Accounting",2 years,M.Com Finance
Experienced Project Manager aiming to lead large tech projects,"Leadership, Agile, Scrum, JIRA, Budgeting",7 years,MBA Project Management
Experienced Project Manager aiming to lead large tech projects,"Leadership, Agile, Scrum, JIRA, Budgeting",3 years,MBA Project Management
Cybersecurity enthusiast aiming to protect organizational data,"Cybersecurity, Penetration Testing, Risk Assessment",0 years,M.Sc Cybersecurity
Cybersecurity enthusiast aiming to protect organizational data,"Cybersecurity, Penetration Testing, Risk Assessment",3 years,M.Sc Cybersecurity
Seeking a role as Software Engineer to apply problem-solving skills,"Python, Java, SQL, Git",5 years,B.Tech Computer Science
Experienced Project Manager aiming to lead large tech projects,"Leadership, Agile, Scrum, JIRA, Budgeting",2 years,MBA Project Management
Cybersecurity enthusiast aiming to protect organizational data,"Cybersecurity, Penetration Testing, Risk Assessment",5 years,M.Sc Cybersecurity
DevOps Engineer with interest in cloud automation,"AWS, Docker, Kubernetes, CI/CD",8 years,B.Tech Information Technology
Looking for opportunities in Data Science to use ML knowledge,"Python, R, Machine Learning, Statistics",3 years,M.Sc Data Science
Experienced Project Manager aiming to lead large tech projects,"Leadership, Agile, Scrum, JIRA, Budgeting",0 years,MBA Project Management
DevOps Engineer with interest in cloud automation,"AWS, Docker, Kubernetes, CI/CD",3 years,B.Tech Information Technology
Creative Graphic Designer passionate about visual storytelling,"Photoshop, Illustrator, UI/UX, Creativity",8 years,Diploma Graphic Design
Creative Graphic Designer passionate about visual storytelling,"Photoshop, Illustrator, UI/UX, Creativity",3 years,Diploma Graphic Design
DevOps Engineer with interest in cloud automation,"AWS, Docker, Kubernetes, CI/CD",8 years,B.Tech Information Technology
Creative Graphic Designer passionate about visual storytelling,"Photoshop, Illustrator, UI/UX, Creativity",3 years,Diploma Graphic Design
DevOps Engineer with interest in cloud automation,"AWS, Docker, Kubernetes, CI/CD",10 years,B.Tech Information Technology
Network Engineer seeking to optimize enterprise systems,"Networking, Cisco, Linux, Firewall",6 years,B.Tech Networking
Dedicated Financial Analyst focused on delivering business insights,"Financial Modeling, Excel, Power BI, Accounting",5 years,M.Com Finance
Dedicated Financial Analyst focused on delivering business insights,"Financial Modeling, Excel, Power BI, Accounting",8 years,M.Com Finance
Experienced Project Manager aiming to lead large tech projects,"Leadership, Agile, Scrum, JIRA, Budgeting",10 years,MBA Project Management
Dedicated Financial Analyst focused on delivering business insights,"Financial Modeling, Excel, Power BI, Accounting",6 years,M.Com Finance
Seeking a role as Software Engineer to apply problem-solving skills,"Python, Java, SQL, Git",10 years,B.Tech Computer Science
To pursue a career in HR and manage employee relations effectively,"Communication, Recruitment, Payroll, MS Excel",6 years,MBA Human Resources
DevOps Engineer with interest in cloud automation,"AWS, Docker, Kubernetes, CI/CD",8 years,B.Tech Information Technology
